cf_handle,hr_handle
boringGuru374,saarth_yawale27
Charan_Harsha,charanharsha0810
ammar_101,ammar_101
Trushank,all about fact
akarthiksagar74,akarthiksagar74
__chetansingh__,chetansingh5642
Ankitt730,ankitsaini2004k
baikanianji08,baikanianji08
SakshamDubey1234810,Saksham dubey
SakshamDubey1234810,sakshamdubeynew
MANAS_KUMAR_MAJHI,majhimanaskumar3
pathaksumit365,Sumit_nitw
Chandaka_Preetesh,cp_9090
napoleanpranav,napoleanpranav
rajzvx,rajbanazvx
prashant1w23,prashantnautiya4
MSA006,Mohammad Saad Ansari
japneet_kaur,jk24csb1a21
Saurabh_2323,himanshu99923
afridbasha97,afridbasha97
sriramsuhas,mesriramsuhas
himanshu418,hs24csb0a68
AmeyJohari,AJ_9437
rohithpurchury12,pr23csb0a22
Sangram_Reddy,ys24csb0b86
arin_code,arindampattanay1
Abhiraj2027,abhiraj_dustakar
vageesh847,sv24mab0a30
Sandeep_sankar,Balla Sandeep_Sankar
Sandeep_sankar,ballasandeepsan1
babs77721,mesmerralda797
Kumar_2006,kumarmnp1984
TheoremThief,lokesh06
Rithvik_1234,rithvikyarala
namankvin,nk24csb0a48
codexbhawesh,agrawalbhawesh5
codexbhawesh,agrawalbhawesh4
krispatel2702,Krish Patel
Arnavjain06,Arnav Jain
shukla007,rs24csb0b59
jeffreyseelan,jeffreyseelan
SR_24MM,mithintisairush1
Alok2122P,alok24cs
Dinesh-Saladi,dineshsaladi79
codecraft_11,codecraft_11
mradu1,mradulpal
harshityadav28541,harshityadav2851
SOHAM_MAHAJAN,Hacker_123SM
Pranavkrizz.10,pranavkrizz_10
dwivedyabhinav777,dwivedyabhinav71
dhruv24garg,dhruvgargind
shaaravraghu,sr24mab0a24
shubhankarr101,shubhrawat237
Gowrimahesh13,kg23csb0a38
rss_11017,ritikmistry712
HrishikeshReddy,G Hrishikesh Reddy
SamyakJain092006,samyakjain092006
itsmeRiot,la24csb0b38
SamyakJainABCD,samyak135790
UoneDev,yuvanraj_842
ns7258728,Naman
ns7258728,ns72587282
Yash_hacker_,yash_hacker_
Mercury_1309,mercury_1309
HailOtg,anuj2358x
HailOtg,anujcrathi
Abhinav_Challa,AbhinavChalla
rupenderyadav55,ry24csb1a55
SiddhantSangaonkar,sa25csb0a10